event_id,event name,date,event summary,Key topic 1,Key topic 2,Key topic 3,location
e1,Tech Meetup 2024,2024-11-23,The definitive event for anyone looking to stay ahead in the rapidly evolving design landscape.,IoT,Healthtech,Computer Vision,"Toronto, Canada"
e2,Blockchain Conference,2024-02-17,A collaborative platform for professionals to share insights on transforming innovation.,Metaverse,Edtech,UX Design,"Toronto, Canada"
e3,Healthcare Meetup 2024,2024-03-22,A premier gathering focused on the latest advancements in blockchain technologies and innovations.,Quantum Computing,Virtual Reality,Computer Vision,"Winnipeg, Canada"
e4,Finance Summit,2024-10-01,An exclusive event bringing together industry leaders to discuss the future of design.,Robotics,Computer Vision,Metaverse,"Ottawa, Canada"
e5,Future of AI Forum,2024-02-10,Join experts and thought leaders to explore cutting-edge developments in healthcare.,Web3,UX Design,Robotics,"Saskatoon, Canada"
e6,Sustainability Workshop 2024,2024-11-21,The definitive event for anyone looking to stay ahead in the rapidly evolving innovation landscape.,Metaverse,MLOps,Natural Language Processing,"Calgary, Canada"
e7,Next-Gen Finance Meetup 2024,2024-01-17,A collaborative platform for professionals to share insights on transforming healthcare.,Green Tech,Remote Work,Data Analytics,"Ottawa, Canada"
e8,Innovation Meetup,2024-03-12,An exclusive event bringing together industry leaders to discuss the future of marketing.,Product Management,Entrepreneurship,IoT,"Toronto, Canada"
e9,Design 2024,2024-02-26,A collaborative platform for professionals to share insights on transforming finance.,Digital Marketing,Virtual Reality,Ethical AI,"Toronto, Canada"
e10,Annual Design Meetup,2024-12-14,A premier gathering focused on the latest advancements in ai technologies and innovations.,Virtual Reality,Product Management,Cryptocurrency,"Halifax, Canada"
e11,Cybersecurity Workshop 2024,2024-02-24,The definitive event for anyone looking to stay ahead in the rapidly evolving tech landscape.,MLOps,Entrepreneurship,Deep Learning,"Vancouver, Canada"
e12,Blockchain Conference 2024,2024-07-04,A premier gathering focused on the latest advancements in marketing technologies and innovations.,5G Technology,Big Data,Future of Work,"Halifax, Canada"
e13,Sustainability Forum 2024,2024-03-25,Join experts and thought leaders to explore cutting-edge developments in innovation.,Green Tech,Digital Transformation,Edtech,"Halifax, Canada"
e14,Annual Blockchain Workshop 2024,2024-08-19,The definitive event for anyone looking to stay ahead in the rapidly evolving blockchain landscape.,Metaverse,Machine Learning,Robotics,"Toronto, Canada"
e15,Annual Tech Hackathon 2024,2024-04-27,An exclusive event bringing together industry leaders to discuss the future of blockchain.,5G Technology,Big Data,Future of Work,"Calgary, Canada"
e16,Modern Blockchain Summit 2024,2024-08-30,A collaborative platform for professionals to share insights on transforming finance.,Natural Language Processing,Cloud Computing,Green Tech,"Edmonton, Canada"
e17,Blockchain Workshop,2024-02-25,A collaborative platform for professionals to share insights on transforming data science.,Augmented Reality,Robotics,Edtech,"Halifax, Canada"
e18,Global Design Conference 2024,2024-02-20,An exclusive event bringing together industry leaders to discuss the future of data science.,Green Tech,Natural Language Processing,Blockchain,"Quebec City, Canada"
e19,Modern Cybersecurity Expo,2024-01-02,A collaborative platform for professionals to share insights on transforming sustainability.,Data Analytics,NFTs,UI Design,"Calgary, Canada"
e20,Innovation Conference,2024-01-30,The definitive event for anyone looking to stay ahead in the rapidly evolving sustainability landscape.,Blockchain,Natural Language Processing,Product Management,"Vancouver, Canada"
e21,Marketing Summit 2024,2024-04-05,The definitive event for anyone looking to stay ahead in the rapidly evolving marketing landscape.,Computer Vision,IoT,Fintech,"Saskatoon, Canada"
e22,Healthcare Meetup 2024,2024-10-16,A collaborative platform for professionals to share insights on transforming blockchain.,Big Data,DevOps,Remote Work,"Edmonton, Canada"
e23,Global Education Summit 2024,2024-02-07,Join experts and thought leaders to explore cutting-edge developments in sustainability.,Robotics,Augmented Reality,Digital Transformation,"Ottawa, Canada"
e24,Sustainability Meetup,2024-03-21,Join experts and thought leaders to explore cutting-edge developments in tech.,Cloud Computing,Big Data,Virtual Reality,"Vancouver, Canada"
e25,Emerging Data Science Meetup,2024-02-24,Join experts and thought leaders to explore cutting-edge developments in innovation.,Product Management,Entrepreneurship,Virtual Reality,"Toronto, Canada"
e26,Finance Meetup 2024,2024-02-17,An exclusive event bringing together industry leaders to discuss the future of healthcare.,Edtech,Ethical AI,Healthtech,"Halifax, Canada"
e27,AI Symposium,2024-01-05,A collaborative platform for professionals to share insights on transforming sustainability.,Big Data,Computer Vision,DevOps,"Edmonton, Canada"
e28,Next-Gen Blockchain Workshop 2024,2024-01-21,An exclusive event bringing together industry leaders to discuss the future of sustainability.,Augmented Reality,Blockchain,Cryptocurrency,"Quebec City, Canada"
e29,Innovation 2024,2024-01-13,A premier gathering focused on the latest advancements in design technologies and innovations.,Sustainability,Computer Vision,Future of Work,"Calgary, Canada"
e30,Healthcare Meetup 2024,2024-04-12,Join experts and thought leaders to explore cutting-edge developments in design.,UX Design,Robotics,Quantum Computing,"Halifax, Canada"
e31,Sustainability Hackathon 2024,2024-07-23,A premier gathering focused on the latest advancements in ai technologies and innovations.,Cloud Computing,Healthtech,Quantum Computing,"Edmonton, Canada"
e32,Sustainability 2024,2024-08-11,A collaborative platform for professionals to share insights on transforming tech.,Machine Learning,Digital Marketing,5G Technology,"Calgary, Canada"
e33,AI Hackathon,2024-07-05,The definitive event for anyone looking to stay ahead in the rapidly evolving cybersecurity landscape.,DevOps,Fintech,MLOps,"Quebec City, Canada"
e34,Sustainability Symposium 2024,2024-12-22,An exclusive event bringing together industry leaders to discuss the future of design.,DevOps,Green Tech,Ethical AI,"Toronto, Canada"
e35,Blockchain Forum,2024-06-04,A collaborative platform for professionals to share insights on transforming education.,Web3,Product Management,Future of Work,"Montreal, Canada"
e36,Annual Cybersecurity Hackathon 2024,2024-12-03,An exclusive event bringing together industry leaders to discuss the future of design.,Deep Learning,Computer Vision,Augmented Reality,"Winnipeg, Canada"
e37,Education Forum,2024-11-08,A collaborative platform for professionals to share insights on transforming finance.,Augmented Reality,Data Analytics,Machine Learning,"Vancouver, Canada"
e38,Future of Data Science Expo 2024,2024-08-05,A collaborative platform for professionals to share insights on transforming education.,Digital Marketing,Ethical AI,MLOps,"Winnipeg, Canada"
e39,Finance Expo 2024,2024-11-09,Join experts and thought leaders to explore cutting-edge developments in education.,Digital Marketing,Entrepreneurship,Augmented Reality,"Ottawa, Canada"
e40,Innovation Meetup 2024,2024-08-13,An exclusive event bringing together industry leaders to discuss the future of healthcare.,Data Analytics,Metaverse,Sustainability,"Montreal, Canada"
e41,AI 2024,2024-12-27,An exclusive event bringing together industry leaders to discuss the future of sustainability.,Fintech,Sustainability,Deep Learning,"Saskatoon, Canada"
e42,Digital Tech Hackathon,2024-07-13,The definitive event for anyone looking to stay ahead in the rapidly evolving innovation landscape.,Metaverse,Entrepreneurship,UX Design,"Quebec City, Canada"
e43,Finance 2024,2024-09-05,The definitive event for anyone looking to stay ahead in the rapidly evolving marketing landscape.,Deep Learning,Green Tech,IoT,"Quebec City, Canada"
e44,Digital Data Science Conference,2024-03-10,Join experts and thought leaders to explore cutting-edge developments in blockchain.,Sustainability,UX Design,Fintech,"Ottawa, Canada"
e45,Digital Tech Conference,2024-02-11,A premier gathering focused on the latest advancements in blockchain technologies and innovations.,Augmented Reality,NFTs,Deep Learning,"Saskatoon, Canada"
e46,Future of Data Science Expo 2024,2024-03-19,Join experts and thought leaders to explore cutting-edge developments in education.,Blockchain,Edge Computing,DevOps,"Vancouver, Canada"
e47,Cybersecurity 2024,2024-10-23,An exclusive event bringing together industry leaders to discuss the future of blockchain.,Cloud Computing,DevOps,Edge Computing,"Saskatoon, Canada"
e48,Next-Gen Sustainability Forum,2024-01-22,A collaborative platform for professionals to share insights on transforming healthcare.,Entrepreneurship,Cloud Computing,Healthtech,"Edmonton, Canada"
e49,Innovation 2024,2024-11-21,The definitive event for anyone looking to stay ahead in the rapidly evolving cybersecurity landscape.,5G Technology,Future of Work,Remote Work,"Quebec City, Canada"
e50,Advanced Healthcare Workshop 2024,2024-10-30,The definitive event for anyone looking to stay ahead in the rapidly evolving marketing landscape.,Sustainability,Cybersecurity,Deep Learning,"Winnipeg, Canada"
e51,International Education Workshop,2024-06-15,Join experts and thought leaders to explore cutting-edge developments in cybersecurity.,Ethical AI,Machine Learning,Digital Marketing,"Calgary, Canada"
e52,Innovation 2024,2024-02-13,A collaborative platform for professionals to share insights on transforming education.,Edtech,Deep Learning,IoT,"Ottawa, Canada"
e53,Modern Innovation Workshop,2024-04-23,The definitive event for anyone looking to stay ahead in the rapidly evolving sustainability landscape.,Quantum Computing,Healthtech,Ethical AI,"Edmonton, Canada"
e54,Digital Cybersecurity Meetup,2024-06-29,A premier gathering focused on the latest advancements in blockchain technologies and innovations.,5G Technology,Cryptocurrency,NFTs,"Calgary, Canada"
e55,Advanced Innovation Meetup 2024,2024-09-04,Join experts and thought leaders to explore cutting-edge developments in blockchain.,Machine Learning,5G Technology,Big Data,"Ottawa, Canada"
e56,Sustainability Meetup 2024,2024-01-24,Join experts and thought leaders to explore cutting-edge developments in ai.,Future of Work,Edtech,Cybersecurity,"Montreal, Canada"
e57,Advanced Education Summit 2024,2024-01-27,A premier gathering focused on the latest advancements in finance technologies and innovations.,Data Analytics,DevOps,IoT,"Calgary, Canada"
e58,Finance Workshop,2024-03-01,A collaborative platform for professionals to share insights on transforming cybersecurity.,DevOps,Natural Language Processing,Cloud Computing,"Calgary, Canada"
e59,Cybersecurity Summit 2024,2024-11-16,A premier gathering focused on the latest advancements in blockchain technologies and innovations.,Fintech,Edtech,Future of Work,"Ottawa, Canada"
e60,Cybersecurity 2024,2024-01-17,The definitive event for anyone looking to stay ahead in the rapidly evolving design landscape.,NFTs,Healthtech,Edge Computing,"Halifax, Canada"
e61,Data Science Meetup 2024,2024-04-25,The definitive event for anyone looking to stay ahead in the rapidly evolving marketing landscape.,UI Design,Edtech,Edge Computing,"Winnipeg, Canada"
e62,Advanced Innovation Forum,2024-12-18,The definitive event for anyone looking to stay ahead in the rapidly evolving ai landscape.,Computer Vision,Healthtech,MLOps,"Saskatoon, Canada"
e63,AI Workshop,2024-05-08,A premier gathering focused on the latest advancements in marketing technologies and innovations.,Cryptocurrency,Future of Work,Digital Marketing,"Winnipeg, Canada"
e64,Marketing 2024,2024-05-22,Join experts and thought leaders to explore cutting-edge developments in healthcare.,Cloud Computing,Blockchain,Cybersecurity,"Quebec City, Canada"
e65,Cybersecurity Forum,2024-12-21,Join experts and thought leaders to explore cutting-edge developments in ai.,Edge Computing,Green Tech,Product Management,"Toronto, Canada"
e66,Emerging Education Forum 2024,2024-12-02,A collaborative platform for professionals to share insights on transforming marketing.,Natural Language Processing,Web3,UX Design,"Halifax, Canada"
e67,Advanced Education Expo 2024,2024-03-08,An exclusive event bringing together industry leaders to discuss the future of design.,DevOps,Ethical AI,Machine Learning,"Halifax, Canada"
e68,Blockchain 2024,2024-07-27,Join experts and thought leaders to explore cutting-edge developments in data science.,Product Management,UX Design,Fintech,"Winnipeg, Canada"
e69,Education 2024,2024-08-29,A premier gathering focused on the latest advancements in blockchain technologies and innovations.,UX Design,Fintech,Cybersecurity,"Halifax, Canada"
e70,Cybersecurity Meetup,2024-05-16,The definitive event for anyone looking to stay ahead in the rapidly evolving education landscape.,Future of Work,Quantum Computing,Cybersecurity,"Halifax, Canada"
e71,Education Hackathon 2024,2024-10-05,A collaborative platform for professionals to share insights on transforming finance.,Computer Vision,MLOps,Future of Work,"Quebec City, Canada"
e72,Design 2024,2024-07-16,A premier gathering focused on the latest advancements in tech technologies and innovations.,Edtech,Cloud Computing,Digital Marketing,"Winnipeg, Canada"
e73,International Finance Symposium 2024,2024-01-08,A collaborative platform for professionals to share insights on transforming marketing.,IoT,Cybersecurity,5G Technology,"Quebec City, Canada"
e74,Innovation Expo,2024-06-11,Join experts and thought leaders to explore cutting-edge developments in ai.,Metaverse,IoT,Healthtech,"Vancouver, Canada"
e75,Annual Education Symposium,2024-11-20,Join experts and thought leaders to explore cutting-edge developments in healthcare.,Digital Transformation,Healthtech,Data Analytics,"Calgary, Canada"
e76,Marketing Symposium 2024,2024-09-28,An exclusive event bringing together industry leaders to discuss the future of ai.,Entrepreneurship,Data Analytics,Metaverse,"Winnipeg, Canada"
e77,Advanced Education Meetup 2024,2024-11-22,A premier gathering focused on the latest advancements in education technologies and innovations.,Edtech,Quantum Computing,DevOps,"Quebec City, Canada"
e78,Education Meetup 2024,2024-12-19,The definitive event for anyone looking to stay ahead in the rapidly evolving finance landscape.,Quantum Computing,UI Design,Deep Learning,"Quebec City, Canada"
e79,Marketing Conference,2024-05-20,Join experts and thought leaders to explore cutting-edge developments in cybersecurity.,Metaverse,NFTs,Virtual Reality,"Montreal, Canada"
e80,Annual Design Conference,2024-11-17,An exclusive event bringing together industry leaders to discuss the future of tech.,IoT,UI Design,MLOps,"Quebec City, Canada"
e81,Data Science Hackathon,2024-03-30,Join experts and thought leaders to explore cutting-edge developments in data science.,Cybersecurity,Edge Computing,Remote Work,"Vancouver, Canada"
e82,Design Forum,2024-03-13,The definitive event for anyone looking to stay ahead in the rapidly evolving cybersecurity landscape.,Edge Computing,Remote Work,Digital Transformation,"Ottawa, Canada"
e83,Modern Design Hackathon 2024,2024-10-26,The definitive event for anyone looking to stay ahead in the rapidly evolving marketing landscape.,MLOps,Metaverse,Robotics,"Winnipeg, Canada"
e84,Advanced Design Forum 2024,2024-12-24,A premier gathering focused on the latest advancements in data science technologies and innovations.,Cloud Computing,Augmented Reality,5G Technology,"Montreal, Canada"
e85,Healthcare Forum,2024-07-17,A premier gathering focused on the latest advancements in innovation technologies and innovations.,Entrepreneurship,Fintech,UX Design,"Toronto, Canada"
e86,Blockchain 2024,2024-12-19,The definitive event for anyone looking to stay ahead in the rapidly evolving healthcare landscape.,Quantum Computing,Natural Language Processing,Green Tech,"Ottawa, Canada"
e87,Education Summit 2024,2024-04-07,Join experts and thought leaders to explore cutting-edge developments in marketing.,Augmented Reality,Big Data,Web3,"Vancouver, Canada"
e88,Marketing Workshop 2024,2024-10-10,An exclusive event bringing together industry leaders to discuss the future of data science.,Big Data,5G Technology,Virtual Reality,"Montreal, Canada"
e89,Tech Symposium 2024,2024-02-26,An exclusive event bringing together industry leaders to discuss the future of blockchain.,Virtual Reality,Natural Language Processing,Big Data,"Quebec City, Canada"
e90,Innovation 2024,2024-09-26,A collaborative platform for professionals to share insights on transforming marketing.,Product Management,Metaverse,Computer Vision,"Halifax, Canada"
e91,Digital Design Conference 2024,2024-06-03,A collaborative platform for professionals to share insights on transforming design.,Edtech,Robotics,IoT,"Edmonton, Canada"
e92,International AI Symposium,2024-11-07,Join experts and thought leaders to explore cutting-edge developments in marketing.,Sustainability,Digital Marketing,UI Design,"Winnipeg, Canada"
e93,Finance Summit 2024,2024-09-15,A collaborative platform for professionals to share insights on transforming innovation.,Edtech,Metaverse,Fintech,"Edmonton, Canada"
e94,Modern Finance Summit,2024-08-20,An exclusive event bringing together industry leaders to discuss the future of healthcare.,Future of Work,Robotics,IoT,"Vancouver, Canada"
e95,AI Hackathon 2024,2024-02-17,Join experts and thought leaders to explore cutting-edge developments in marketing.,Edge Computing,Fintech,Quantum Computing,"Quebec City, Canada"
e96,Advanced Marketing Meetup,2024-01-27,A collaborative platform for professionals to share insights on transforming blockchain.,Metaverse,Cloud Computing,Quantum Computing,"Halifax, Canada"
e97,Cybersecurity 2024,2024-07-07,The definitive event for anyone looking to stay ahead in the rapidly evolving design landscape.,Deep Learning,UX Design,Cryptocurrency,"Ottawa, Canada"
e98,Advanced Healthcare Hackathon 2024,2024-12-25,A premier gathering focused on the latest advancements in data science technologies and innovations.,Data Analytics,Deep Learning,IoT,"Halifax, Canada"
e99,Modern Finance Expo,2024-04-20,The definitive event for anyone looking to stay ahead in the rapidly evolving healthcare landscape.,IoT,Natural Language Processing,Data Analytics,"Montreal, Canada"
e100,Global Design Summit,2024-11-12,A collaborative platform for professionals to share insights on transforming education.,Fintech,UX Design,Web3,"Halifax, Canada"
